{
    "accuracy": 0.7725,
    "precision": 0.5568181818181818,
    "recall": 0.48514851485148514,
    "f1_score": 0.5185185185185185,
    "roc_auc": 0.8289181760985462,
    "classification_report": "              precision    recall  f1-score   support\n\n           0       0.83      0.87      0.85       299\n           1       0.56      0.49      0.52       101\n\n    accuracy                           0.77       400\n   macro avg       0.70      0.68      0.68       400\nweighted avg       0.76      0.77      0.77       400\n"
}